Characteristic,Bipolar (n=1530),Other (n=912)
Age,50.191568627450984 (SD: 12.39),53.450986842105266 (SD: 15.53)
Female,875 (57.2%),530 (58.1%)
Male,655 (42.8%),382 (41.9%)
