Diagnosis,Age_count,Age_mean,Age_std,Age_min,Age_25%,Age_50%,Age_75%,Age_max,GrimAge2_mean,GrimAge2_std,GrimAge2_min,GrimAge2_25%,GrimAge2_50%,GrimAge2_75%,GrimAge2_max,AgeAccelGrim2_mean,AgeAccelGrim2_std,AgeAccelGrim2_min,AgeAccelGrim2_25%,AgeAccelGrim2_50%,AgeAccelGrim2_75%,AgeAccelGrim2_max
Bipolar,1530,50.191568627450984,12.389985756540728,19.0,42.0,51.0,59.0,85.0,59.43358686300978,9.661697620517979,31.609277443062872,52.998093528021684,59.791795425418385,66.36531828164382,90.02787306011334,0.6561725812899794,4.093261249904785,-9.17954776328056,-2.212399695359789,0.27224794842876676,3.1813007856105333,14.746380621612488
Other,912,53.450986842105266,15.5324248897209,18.0,44.35,56.0,65.0,91.3,59.982916054397094,11.880573691369191,29.689461546455874,52.8470354874044,61.55465769870359,68.38156756400943,95.51373843407137,-1.100815843611474,3.8505002393775527,-9.48828435484915,-3.914322725175925,-1.6102685684591336,1.3489806642093427,15.000259674729762
